PC1,PC1_Loading,PC2,PC2_Loading,PC3,PC3_Loading
lowerbody_speedKin_sum_range,0.08494744074944671,pelvis_moment_sum_change_pospeak_n,-0.10859750302296627,pelvis_moment_sum_Gmean,-0.1310775573315743
lowerbody_speedKin_sum_Gstd,0.08412763619991148,lowerbody_moment_sum_change_pospeak_n,-0.10221021263826748,leg_moment_sum_change_pospeak_std,0.12645296408465512
lowerbody_accKin_sum_range,0.08302538683068882,envelope_change_range,-0.09583500406926516,pelvis_moment_sum_change_Gmean,0.12553691102199097
leg_angAcc_sum_range,0.08257799994356033,leg_moment_sum_pospeak_n,-0.09558684103979807,pelvis_moment_sum_integral,-0.12537798940932876
bbmv_total,0.08221512073088752,leg_angAcc_sum_pospeak_mean,0.09528690127521207,leg_moment_sum_change_pospeak_mean,0.12338382957250074
leg_angJerk_sum_range,0.08200410924650642,leg_angSpeed_sum_pospeak_mean,0.09528690127521207,lowerbody_jerkKin_sum_pospeak_mean,0.12010976181463802
lowerbody_accKin_sum_Gstd,0.08185951390301871,lowerbody_moment_sum_change_pospeak_std,-0.09084707910253646,leg_moment_sum_change_pospeak_n,0.11478050900429379
leg_angSpeed_sum_range,0.08126768519180155,leg_moment_sum_pospeak_std,-0.0907274441896581,lowerbody_moment_sum_change_Gmean,0.11469463184179249
head_angJerk_sum_range,0.08114843087210358,envelope_change_pospeak_n,-0.09065487965037881,leg_moment_sum_change_Gmean,0.11431016729892707
head_angJerk_sum_Gstd,0.08057174374832761,f0_range,-0.09030771600333715,pelvis_moment_sum_pospeak_mean,-0.11330039684331045
pelvis_moment_sum_range,0.08007605236753446,f1_clean_vel_pospeak_n,-0.09029764780362272,pelvis_moment_sum_change_integral,0.11175245745102276
lowerbody_speedKin_sum_integral,0.07981522943255046,f3_clean_vel_pospeak_n,-0.08964880619360374,f1_clean_vel_pospeak_std,0.1073218236262415
leg_angAcc_sum_Gstd,0.07955926928897583,leg_moment_sum_Gstd,-0.08947251040734014,lowerbody_moment_sum_integral,-0.1055025359457524
head_angJerk_sum_Gmean,0.07951330959124969,head_jerkKin_sum_pospeak_mean,0.0886059745773265,lowerbody_moment_sum_change_integral,0.10525961581885906
arm_angJerk_sum_integral,0.079454533556003,f0_Gstd,-0.08847510521712862,lowerbody_angAcc_sum_Gstd,0.10475664889839077
leg_power_integral,0.07920774461690427,spine_moment_sum_change_pospeak_n,-0.08793056003351395,lowerbody_moment_sum_Gmean,-0.10374439543739694
leg_angJerk_sum_Gstd,0.07908227801820368,lowerbody_moment_sum_change_Gstd,-0.08735823213726707,lowerbody_jerkKin_sum_pospeak_std,0.10241639953446845
leg_angSpeed_sum_Gstd,0.07855761281195929,leg_jerkKin_sum_pospeak_mean,0.08729703441950007,leg_moment_sum_change_integral,0.10227159552288027
head_accKin_sum_integral,0.07830743882135596,lowerbody_power_pospeak_n,-0.08711816143299138,lowerbody_angAcc_sum_range,0.0982879741894007
arm_angSpeed_sum_pospeak_std,0.07826608987341718,f2_clean_vel_pospeak_n,-0.08694604691864945,lowerbody_moment_sum_change_range,0.09594995050967522
arm_angAcc_sum_pospeak_std,0.07826608987341718,COPc_range,0.08675141056519163,envelope_pospeak_std,0.09592155454684052
arm_angAcc_sum_integral,0.07826357375558275,COPc_Gstd,0.08674707512673117,arm_power_pospeak_n,-0.09518449308234209
head_angJerk_sum_integral,0.07809773493818979,envelope_pospeak_n,-0.08578148324298285,numofArt,0.09310211161287273
head_jerkKin_sum_range,0.07806421802353859,f3_clean_range,-0.08528617321747402,arm_power_pospeak_std,-0.09134019444914174
head_jerkKin_sum_integral,0.07803966909081081,f3_clean_pospeak_n,-0.08397039316941514,lowerbody_jerkKin_sum_Gmean,0.09121168737296928
head_bbmv,0.07772569083546997,arm_angJerk_sum_Gstd,0.08273320149176529,lowerbody_angJerk_sum_Gstd,0.09087333497723027
arm_angJerk_sum_pospeak_std,0.07764678919941363,envelope_change_Gstd,-0.08227254423520484,lowerbody_moment_sum_change_Gstd,0.08809780111398255
lowerbody_moment_sum_range,0.07752212798828312,leg_moment_sum_range,-0.08214036864159342,head_duration,-0.08806084107500252
leg_angJerk_sum_integral,0.07747131214827152,lowerbody_moment_sum_pospeak_std,-0.08171807916644887,head_power_range,-0.08745612635181053
leg_angSpeed_sum_integral,0.07742876850476034,COPc_pospeak_mean,0.081366485908052,arm_moment_sum_range,-0.0871110740977732
arm_angSpeed_sum_integral,0.07715626769992699,COPc_Gmean,0.08119425777631141,lowerbody_angAcc_sum_Gmean,0.08599013517610328
leg_bbmv,0.07678296206932247,head_jerkKin_sum_pospeak_std,0.08112227327981897,arm_moment_sum_change_Gstd,-0.08540936726720513
lowerbody_bbmv,0.07678296206932245,VSA_f1f2,-0.07978928319148043,envelope_pospeak_mean,0.0853068819253208
head_angAcc_sum_integral,0.07661845230242297,f3_clean_Gstd,-0.07906944387520776,envelope_pospeak_n,0.08525890560054321
head_accKin_sum_range,0.07653187184949921,leg_accKin_sum_pospeak_mean,0.07903906906976582,lowerbody_angSpeed_sum_Gstd,0.08503890946309105
lowerbody_accKin_sum_integral,0.07643320745901433,leg_speedKin_sum_pospeak_mean,0.07903906906976582,lowerbody_angJerk_sum_range,0.08478203181361506
head_speedKin_sum_integral,0.07633696040921362,leg_moment_sum_change_range,-0.07884812455134652,head_moment_sum_pospeak_std,-0.084660343477136
lowerbody_moment_sum_Gstd,0.07594695546419591,COPc_pospeak_std,0.07857051743749922,leg_power_pospeak_n,-0.08371795644493282
lowerbody_jerkKin_sum_range,0.07580428463357362,f3_clean_vel_range,-0.0782715572282794,f1_clean_pospeak_mean,-0.08321554695886511
leg_power_range,0.07569631530939801,head_power_Gstd,-0.07798515080859152,lowerbody_angJerk_sum_Gmean,0.08125088588575816
head_accKin_sum_Gstd,0.07547135836813926,arm_speedKin_sum_pospeak_std,-0.07747848351914663,lowerbody_angSpeed_sum_range,0.0799047446501237
head_speedKin_sum_range,0.07539418551047046,arm_accKin_sum_pospeak_std,-0.07747848351914663,head_power_Gstd,-0.07968476390880766
arm_speedKin_sum_integral,0.07472566754261606,lowerbody_moment_sum_change_range,-0.07716584141282826,lowerbody_angSpeed_sum_Gmean,0.07879375526141706
head_jerkKin_sum_Gstd,0.07453923099348804,arm_angJerk_sum_pospeak_mean,0.07711818263987263,lowerbody_moment_sum_pospeak_std,0.0784603937375264
head_angJerk_sum_pospeak_mean,0.07450344626742587,head_moment_sum_change_pospeak_std,-0.07674697571538439,lowerbody_moment_sum_pospeak_mean,-0.07799891516289555
leg_angAcc_sum_integral,0.07446009582343023,leg_jerkKin_sum_Gmean,0.07673743584755566,COPc_Gmean,0.07689949959477627
pelvis_moment_sum_pospeak_n,0.07445231435728979,f3_clean_vel_Gstd,-0.07573507366422738,arm_moment_sum_change_range,-0.07662774007464293
head_speedKin_sum_Gstd,0.07444539380511683,duration_voc,-0.07563254706321162,arm_moment_sum_change_pospeak_n,-0.07544740459330372
lowerbody_speedKin_sum_Gmean,0.07389507872524828,head_power_Gmean,-0.07528669808174658,arm_moment_sum_Gstd,-0.075117284115373
spine_moment_sum_pospeak_n,0.07365958133854078,f2_clean_range,-0.07524150290762015,arm_moment_sum_change_Gmean,-0.07338618033451935
spine_moment_sum_range,0.07300477764608772,leg_angAcc_sum_Gmean,0.07507194793309836,lowerbody_jerkKin_sum_Gstd,0.07305656286300906
head_angJerk_sum_pospeak_std,0.07227469136485014,head_power_range,-0.0748460184739329,duration_mov,-0.07298485873697218
COPc_pospeak_n,0.07223219090142316,leg_speedKin_sum_Gmean,0.07465010166064921,pelvis_moment_sum_change_range,0.07281237542008115
leg_angSpeed_sum_Gmean,0.07181943775510369,arm_angJerk_sum_Gmean,0.074648993480755,f0_pospeak_n,-0.07249680795241602
leg_jerkKin_sum_pospeak_n,0.07167988507467508,leg_moment_sum_change_pospeak_n,-0.07420790967145394,head_angSpeed_sum_pospeak_std,-0.07194266205778503
leg_power_Gstd,0.07128099603187077,leg_accKin_sum_Gmean,0.07415439873555645,head_angAcc_sum_pospeak_std,-0.07194266205778503
head_angAcc_sum_Gmean,0.07122083276496342,head_jerkKin_sum_Gmean,0.0738902641691514,arm_speedKin_sum_Gmean,0.07121858205785533
lowerbody_jerkKin_sum_Gstd,0.07117021235305136,lowerbody_speedKin_sum_pospeak_mean,0.07367013568221459,leg_power_pospeak_std,-0.07102485409050134
leg_angJerk_sum_pospeak_std,0.07076240609593454,lowerbody_accKin_sum_pospeak_mean,0.07367013568221459,head_angSpeed_sum_range,-0.070391093483141
lowerbody_angJerk_sum_integral,0.07047919734893957,spine_moment_sum_change_pospeak_std,-0.0730738652792613,COPc_pospeak_mean,0.06990659609394327
head_moment_sum_change_range,0.07039820823216794,f1_clean_range,-0.07261516359739767,leg_moment_sum_pospeak_std,0.06965984902286468
lowerbody_jerkKin_sum_integral,0.07005731549789226,lowerbody_angAcc_sum_pospeak_n,-0.07254403374653007,envelope_change_pospeak_std,0.06963618376661791
leg_angJerk_sum_Gmean,0.06973721389559008,lowerbody_angSpeed_sum_pospeak_n,-0.07254403374653007,f1_clean_pospeak_n,0.06957793386917396
arm_jerkKin_sum_integral,0.06963580615697287,head_moment_sum_change_pospeak_n,-0.07241387951740616,f3_clean_pospeak_mean,-0.06936673008087595
arm_moment_sum_change_integral,0.06958708199595752,arm_angJerk_sum_range,0.07216243828486313,leg_power_range,-0.06909263382251671
head_angAcc_sum_range,0.06894616383185027,head_accKin_sum_Gmean,0.07185992855583564,envelope_change_pospeak_mean,0.06854059868414486
pelvis_moment_sum_Gstd,0.06888257946585266,arm_angAcc_sum_Gstd,0.07178234856668808,lowerbody_jerkKin_sum_integral,0.06835040618081333
leg_speedKin_sum_Gstd,0.06882183945021664,leg_angJerk_sum_pospeak_n,-0.07118220905588311,COPc_Gstd,0.06794786547033756
head_angAcc_sum_Gstd,0.06877990021786565,COPc_integral,0.07116173173282854,COPc_pospeak_std,0.0679419253878282
head_moment_sum_range,0.06877718789947891,head_angSpeed_sum_range,-0.07046288006914489,lowerbody_angAcc_sum_integral,0.06733693134506473
arm_angSpeed_sum_range,0.06871945465627792,head_power_pospeak_std,-0.07014796860796683,leg_moment_sum_Gstd,0.06699245178294935
leg_power_Gmean,0.06860555574668849,leg_angSpeed_sum_pospeak_n,-0.07011648868703232,head_moment_sum_pospeak_n,-0.06638064704629311
leg_accKin_sum_Gstd,0.06847796016664602,leg_angAcc_sum_pospeak_n,-0.07011648868703232,leg_moment_sum_change_range,0.066314340201833
arm_moment_sum_change_range,0.06810274232965195,head_speedKin_sum_Gmean,0.07005608394784053,arm_moment_sum_change_integral,-0.06602977990628073
head_moment_sum_change_integral,0.06781918723533091,spine_moment_sum_change_integral,-0.06956082245843465,pelvis_moment_sum_change_Gstd,0.065527047228231
COPc_integral,0.06729428515734175,head_angSpeed_sum_Gstd,-0.06938840451326982,head_angJerk_sum_pospeak_n,-0.06539880848642961
leg_jerkKin_sum_Gstd,0.06724221420057004,leg_angJerk_sum_pospeak_mean,0.06845294280150059,envelope_change_integral,0.06510566477752294
lowerbody_accKin_sum_Gmean,0.06697663808278424,arm_jerkKin_sum_pospeak_mean,0.0684380461326633,arm_angSpeed_sum_Gstd,-0.06465559534746972
lowerbody_angJerk_sum_range,0.06683390910912368,head_angSpeed_sum_Gmean,-0.06842871628498765,spine_moment_sum_change_Gmean,0.06386473725757173
arm_angJerk_sum_pospeak_n,0.06631758420685238,envelope_change_integral,-0.06820034703248795,arm_accKin_sum_pospeak_mean,0.06350215589117905
arm_accKin_sum_integral,0.0662002979121514,leg_angJerk_sum_Gmean,0.06781223858013544,arm_speedKin_sum_pospeak_mean,0.06350215589117905
pelvis_moment_sum_pospeak_std,0.06616268887602064,lowerbody_power_Gstd,-0.06771522815634401,head_angSpeed_sum_Gstd,-0.06337382573858447
arm_power_integral,0.0657565524072914,arm_angAcc_sum_Gmean,0.06747335317776276,arm_angSpeed_sum_range,-0.06242378909643051
arm_moment_sum_change_pospeak_std,0.06570023045836544,head_power_integral,-0.06692990251838903,head_angJerk_sum_pospeak_std,-0.062191062709252024
leg_speedKin_sum_range,0.06564976785741301,spine_moment_sum_change_range,-0.0668112222656471,head_angAcc_sum_pospeak_n,-0.061528943557229855
arm_angAcc_sum_range,0.06539804743976539,f2_clean_pospeak_n,-0.06656753019443273,head_angSpeed_sum_pospeak_n,-0.061528943557229855
leg_jerkKin_sum_integral,0.06489885513047354,leg_duration,-0.06614343566101687,lowerbody_angJerk_sum_pospeak_std,0.06104041513219871
lowerbody_angJerk_sum_Gstd,0.06472170070535826,lowerbody_duration,-0.06614343566101674,arm_accKin_sum_Gstd,-0.06094045137041912
head_accKin_sum_pospeak_std,0.0644729503751474,head_moment_sum_change_Gmean,-0.06613985623489636,arm_accKin_sum_range,-0.06085634951761921
head_speedKin_sum_pospeak_std,0.0644729503751474,lowerbody_angAcc_sum_range,-0.06610174480275403,arm_speedKin_sum_Gstd,-0.06069785559794259
lowerbody_jerkKin_sum_pospeak_n,0.06442131553424293,head_angAcc_sum_pospeak_std,-0.06605130768742402,arm_moment_sum_change_pospeak_std,-0.06059408184071476
head_moment_sum_change_Gstd,0.0643859899024397,head_angSpeed_sum_pospeak_std,-0.06605130768742402,head_power_pospeak_mean,0.060442721002528045
arm_moment_sum_change_Gstd,0.06435003954394834,spine_moment_sum_change_Gmean,-0.06591430832011995,lowerbody_angSpeed_sum_integral,0.06024591529997766
arm_angJerk_sum_range,0.0641409516426573,leg_moment_sum_change_Gstd,-0.06535333373914821,lowerbody_jerkKin_sum_range,0.059969286270689294
lowerbody_moment_sum_pospeak_n,0.06410490978698914,head_power_pospeak_n,-0.06508823058909163,f2_clean_pospeak_std,0.05985523009804729
leg_accKin_sum_integral,0.06402924059074273,envelope_change_pospeak_std,-0.06472681557227185,leg_speedKin_sum_pospeak_mean,0.059753974487605076
head_jerkKin_sum_pospeak_n,0.06389839978215311,arm_angAcc_sum_range,0.06465696776077574,leg_accKin_sum_pospeak_mean,0.059753974487605076
leg_speedKin_sum_integral,0.06368695366488532,head_moment_sum_pospeak_n,-0.06434592021616514,arm_power_integral,-0.05968014151842052
arm_moment_sum_change_pospeak_mean,0.06365776576835619,head_moment_sum_change_Gstd,-0.06341186449852863,head_moment_sum_change_pospeak_std,-0.059354394440756686
head_accKin_sum_pospeak_mean,0.06359926030591705,leg_speedKin_sum_pospeak_n,-0.06340914093537892,lowerbody_power_integral,0.05924451829313855
head_speedKin_sum_pospeak_mean,0.06359926030591705,leg_accKin_sum_pospeak_n,-0.06340914093537892,leg_moment_sum_pospeak_n,0.05913666266851458
leg_power_pospeak_mean,0.06357662041068206,lowerbody_moment_sum_pospeak_n,-0.06291930027005616,head_angSpeed_sum_integral,-0.059121954468894435
lowerbody_power_integral,0.06355624151646311,arm_nComp_80,-0.06284916941309261,lowerbody_moment_sum_pospeak_n,0.059093117041788636
leg_accKin_sum_range,0.06347074927203554,leg_angAcc_sum_integral,0.06277142496105924,lowerbody_speedKin_sum_pospeak_std,0.05881606889763706
arm_moment_sum_pospeak_n,0.0633758548340887,arm_angSpeed_sum_pospeak_mean,0.06250960010325583,lowerbody_accKin_sum_pospeak_std,0.05881606889763706
arm_angSpeed_sum_Gstd,0.06309766695627973,arm_angAcc_sum_pospeak_mean,0.06250960010325583,f1_clean_vel_pospeak_n,0.058536475331574224
leg_jerkKin_sum_range,0.06309634708662724,lowerbody_angJerk_sum_pospeak_n,-0.06242012694122851,head_angJerk_sum_pospeak_mean,-0.05782291341757305
lowerbody_power_Gmean,0.0629270015162962,leg_jerkKin_sum_integral,0.061990118005059776,COPc_range,0.05775982694006635
lowerbody_angSpeed_sum_integral,0.06284899197731288,spine_moment_sum_integral,-0.06144929728361871,head_power_pospeak_n,-0.057717347756586095
leg_duration,0.06272155351320731,lowerbody_angAcc_sum_Gstd,-0.06100201088126451,head_power_integral,-0.05768811525353756
lowerbody_duration,0.0627215535132072,head_moment_sum_Gstd,-0.0609252858710908,leg_jerkKin_sum_pospeak_mean,0.05728479977847278
arm_moment_sum_change_pospeak_n,0.06218584056282987,leg_accKin_sum_integral,0.06059449474500151,head_jerkKin_sum_Gmean,0.05697409561575089
head_accKin_sum_pospeak_n,0.0621466546767061,leg_speedKin_sum_integral,0.06058108828145234,leg_jerkKin_sum_pospeak_std,0.056916679403577884
head_speedKin_sum_pospeak_n,0.0621466546767061,lowerbody_jerkKin_sum_pospeak_n,-0.05983324936513125,leg_angJerk_sum_pospeak_mean,0.05672984247267427
lowerbody_angSpeed_sum_range,0.06210549210927576,f2_clean_Gstd,-0.05932056451310324,arm_power_Gstd,-0.05666440429049114
lowerbody_angJerk_sum_pospeak_n,0.0618430358930188,lowerbody_power_range,-0.059185880936103503,head_jerkKin_sum_pospeak_n,-0.056468690419731175
leg_angAcc_sum_Gmean,0.061669922404519927,f1_clean_vel_pospeak_std,-0.05882756281659308,head_angSpeed_sum_Gmean,-0.05598705305034144
lowerbody_angSpeed_sum_pospeak_n,0.06143901537600318,body_slope_95,0.058589620118611886,lowerbody_angJerk_sum_integral,0.055980651899518744
lowerbody_angAcc_sum_pospeak_n,0.06143901537600318,head_accKin_sum_pospeak_mean,0.05830645233511919,leg_power_Gstd,-0.055976729588813244
arm_bbmv,0.061356619311623506,head_speedKin_sum_pospeak_mean,0.05830645233511919,arm_angSpeed_sum_integral,-0.055600305583439424
leg_moment_sum_range,0.06131169583630798,lowerbody_angAcc_sum_pospeak_mean,0.05828931917115045,leg_moment_sum_change_Gstd,0.055064254089802665
arm_power_range,0.06106918011230742,lowerbody_angSpeed_sum_pospeak_mean,0.05828931917115045,f2_clean_pospeak_mean,-0.05501206372212348
duration_mov,0.060934656326541554,lowerbody_angJerk_sum_pospeak_mean,0.05767231558693966,f2_clean_vel_pospeak_n,0.05476736431864937
leg_accKin_sum_Gmean,0.06088040107364422,lowerbody_angSpeed_sum_Gstd,-0.0573948019374436,f3_clean_pospeak_n,0.05474889455216933
head_accKin_sum_Gmean,0.06086822500698561,arm_speedKin_sum_range,-0.05708964410848996,lowerbody_accKin_sum_Gmean,0.053938692328239043
head_moment_sum_change_pospeak_n,0.06065807116210214,lowerbody_speedKin_sum_pospeak_n,-0.057081101794908065,head_moment_sum_integral,0.05366652873000191
spine_moment_sum_change_integral,0.06051536426649519,lowerbody_accKin_sum_pospeak_n,-0.057081101794908065,leg_moment_sum_range,0.05315607303286509
arm_duration,0.060274132804431335,head_angSpeed_sum_integral,-0.05704203264403788,head_power_Gmean,-0.05310156360111112
lowerbody_power_range,0.06020741612789888,pelvis_moment_sum_change_pospeak_mean,0.057020807845342414,leg_jerkKin_sum_Gmean,0.05240765725197895
lowerbody_angSpeed_sum_Gmean,0.060183562781529046,f1_clean_Gstd,-0.05678237253766865,arm_speedKin_sum_range,-0.0519833142978201
leg_speedKin_sum_Gmean,0.05993624598271643,arm_duration,-0.05661203121695848,f3_clean_Gmean,-0.051705771134345976
lowerbody_angJerk_sum_Gmean,0.05971078416595054,spine_moment_sum_change_Gstd,-0.0566087676488396,head_angAcc_sum_range,-0.05159367845780734
arm_jerkKin_sum_pospeak_n,0.059593572084343,leg_angSpeed_sum_Gmean,0.0566007129109756,leg_angSpeed_sum_pospeak_mean,0.05147917857500015
arm_angAcc_sum_Gstd,0.059296378760028655,duration_mov,-0.056353866030365886,leg_angAcc_sum_pospeak_mean,0.05147917857500015
arm_angSpeed_sum_Gmean,0.059175885513762204,lowerbody_inter_Kin,-0.05626319361485181,lowerbody_power_Gmean,0.05146641358679645
head_speedKin_sum_Gmean,0.05891822104188056,leg_angJerk_sum_integral,0.05600300860749442,head_speedKin_sum_pospeak_n,-0.05109181064860372
spine_moment_sum_change_pospeak_mean,0.05884217546795037,head_inter_Kin,-0.05595536153468083,head_accKin_sum_pospeak_n,-0.05109181064860372
head_power_pospeak_n,0.05873201523086305,f1_clean_vel_range,-0.05529607097429853,leg_accKin_sum_pospeak_std,0.050258810468021435
lowerbody_power_pospeak_std,0.05866721317468269,arm_moment_sum_change_pospeak_n,-0.05524940776741549,leg_speedKin_sum_pospeak_std,0.050258810468021435
head_duration,0.05830407887312102,head_moment_sum_pospeak_std,-0.0550721227058482,head_speedKin_sum_Gmean,0.05023757543193317
arm_angJerk_sum_Gmean,0.058287229876777806,head_moment_sum_change_integral,-0.05504917973234948,lowerbody_accKin_sum_pospeak_n,0.04990801876649119
leg_moment_sum_change_Gstd,0.05803026306234505,head_moment_sum_change_range,-0.054945294634627585,lowerbody_speedKin_sum_pospeak_n,0.04990801876649119
leg_jerkKin_sum_Gmean,0.05800621687194872,arm_speedKin_sum_pospeak_mean,0.05489601401510088,COPc_integral,0.0496190915178257
head_angAcc_sum_pospeak_n,0.05797968666436235,arm_accKin_sum_pospeak_mean,0.05489601401510088,arm_angSpeed_sum_Gmean,-0.04942928357723907
head_angSpeed_sum_pospeak_n,0.05797968666436235,pelvis_moment_sum_change_pospeak_std,-0.054762463512994394,spine_moment_sum_change_pospeak_mean,0.04928275483923031
head_angJerk_sum_pospeak_n,0.05790161400586191,lowerbody_angSpeed_sum_range,-0.054752446654963274,pelvis_moment_sum_change_pospeak_mean,0.048918215587672044
lowerbody_power_Gstd,0.057394749255684635,leg_moment_sum_change_integral,-0.05471341825259465,arm_jerkKin_sum_range,-0.04868863117346831
leg_speedKin_sum_pospeak_n,0.05713790777343467,arm_nComp_95,-0.05435645086883379,spine_moment_sum_range,-0.048408953832289305
leg_accKin_sum_pospeak_n,0.05713790777343467,leg_angAcc_sum_pospeak_std,-0.05434304346536577,leg_speedKin_sum_Gmean,0.04833205696543842
lowerbody_accKin_sum_pospeak_n,0.0570971344002154,leg_angSpeed_sum_pospeak_std,-0.05434304346536577,envelope_change_pospeak_n,0.04832912566046565
lowerbody_speedKin_sum_pospeak_n,0.0570971344002154,f1_clean_pospeak_n,-0.05429963919375982,body_slope_80,-0.048235446983067004
arm_speedKin_sum_pospeak_n,0.05656891051001341,leg_moment_sum_Gmean,-0.05399401499541417,lowerbody_angJerk_sum_pospeak_n,0.0480635165291129
arm_accKin_sum_pospeak_n,0.05656891051001341,f2_clean_vel_range,-0.05375723257513378,f1_clean_vel_Gmean,0.047999926260473925
arm_angAcc_sum_pospeak_mean,0.05648120510207074,body_slope_80,0.053747791013247365,leg_accKin_sum_Gmean,0.0476109602961039
arm_angSpeed_sum_pospeak_mean,0.05648120510207074,leg_power_Gmean,0.053576499694069094,COPc_pospeak_n,-0.04734195416069266
spine_moment_sum_change_pospeak_std,0.05627148178504112,leg_inter_Kin,-0.05348482946267141,lowerbody_accKin_sum_pospeak_mean,0.04724850224429464
arm_asymmetry,-0.05611365073273245,envelope_pospeak_std,-0.053409893806607135,lowerbody_speedKin_sum_pospeak_mean,0.04724850224429464
spine_moment_sum_Gstd,0.056063885362669416,leg_power_pospeak_n,-0.05336034506762498,lowerbody_moment_sum_change_pospeak_n,0.04675078260852313
lowerbody_angSpeed_sum_Gstd,0.05598839421412007,arm_moment_sum_Gstd,-0.0532863199133528,head_power_pospeak_std,-0.046509904963961894
leg_angSpeed_sum_pospeak_n,0.055836957196592124,leg_power_pospeak_mean,0.0530167578310995,head_angAcc_sum_integral,-0.04625323318491571
leg_angAcc_sum_pospeak_n,0.055836957196592124,leg_moment_sum_integral,-0.05301338805402825,pelvis_moment_sum_Gstd,0.04621288694960261
arm_angJerk_sum_Gstd,0.05550042244523911,f0_pospeak_n,-0.05296324837332848,arm_duration,-0.04595917214457766
lowerbody_angAcc_sum_integral,0.05462586813665957,leg_moment_sum_change_pospeak_std,-0.05280565466573298,arm_power_range,-0.04583681976954469
leg_angJerk_sum_pospeak_n,0.05438655489533167,body_nComp_95,-0.052485772012331386,lowerbody_inter_Kin,0.045554532213231504
head_angSpeed_sum_integral,0.05432674283358351,lowerbody_power_pospeak_mean,0.052298854612024555,head_moment_sum_change_pospeak_mean,-0.043983191310569464
leg_angSpeed_sum_pospeak_std,0.05406378908268067,leg_inter_IK,-0.051952072562545915,spine_moment_sum_Gstd,-0.04361918192372865
leg_angAcc_sum_pospeak_std,0.05406378908268067,leg_angSpeed_sum_integral,0.05190367608493203,f3_clean_pospeak_std,0.043556067429030954
head_moment_sum_pospeak_n,0.05345926300239138,f1_clean_vel_Gstd,-0.05139048977915212,arm_power_pospeak_mean,-0.04350004757988153
spine_moment_sum_change_pospeak_n,0.05316813514522631,lowerbody_power_pospeak_std,-0.051094907279747956,lowerbody_speedKin_sum_Gmean,0.04339236439517664
head_jerkKin_sum_Gmean,0.05309469261974191,pelvis_moment_sum_change_range,-0.05097332317034839,head_angAcc_sum_Gstd,-0.043168719111898464
arm_power_Gmean,0.052907433042085804,leg_moment_sum_change_Gmean,-0.05056702944794944,arm_jerkKin_sum_pospeak_mean,0.042755425681874064
lowerbody_power_pospeak_mean,0.05246802101729105,lowerbody_moment_sum_change_pospeak_mean,0.0503252021681123,lowerbody_inter_IK,0.04227671197065088
pelvis_moment_sum_change_pospeak_std,0.05231749013702356,arm_jerkKin_sum_Gmean,0.049552925571872956,head_moment_sum_pospeak_mean,0.04213484759822821
head_moment_sum_change_Gmean,0.052260007674184775,leg_jerkKin_sum_pospeak_n,-0.048845719378738814,head_accKin_sum_Gmean,0.041892877108819275
head_moment_sum_Gstd,0.05221473649037476,head_angAcc_sum_pospeak_n,-0.0488364671514792,leg_speedKin_sum_pospeak_n,0.041878773638824
arm_power_pospeak_mean,0.05214099638992213,head_angSpeed_sum_pospeak_n,-0.0488364671514792,leg_accKin_sum_pospeak_n,0.041878773638824
arm_power_pospeak_std,0.05155162861666529,lowerbody_jerkKin_sum_pospeak_mean,0.04875537326675607,f2_clean_pospeak_n,0.041728353556562306
lowerbody_angJerk_sum_pospeak_std,0.05131035352423866,head_jerkKin_sum_Gstd,0.048526928992744876,arm_moment_sum_change_pospeak_mean,-0.04158900397573
COPc_range,0.051257285705999044,head_moment_sum_range,-0.04776300029762526,leg_inter_IK,0.0411618099159829
arm_angAcc_sum_Gmean,0.051081304391795854,head_duration,-0.04745859966378104,lowerbody_moment_sum_change_pospeak_std,0.04046091408671337
arm_angJerk_sum_pospeak_mean,0.05093698020808192,lowerbody_jerkKin_sum_pospeak_std,-0.04701025466417085,leg_inter_Kin,0.04035413514093164
leg_moment_sum_change_range,0.05083023407565913,pelvis_moment_sum_change_Gstd,-0.04683822376075452,body_nComp_80,-0.04006416380814916
spine_moment_sum_pospeak_std,0.05019881847267171,body_nComp_80,-0.046837770986749974,leg_accKin_sum_range,0.039795465645117656
leg_speedKin_sum_pospeak_std,0.05016184978549953,f3_clean_pospeak_std,-0.04670778243552689,head_jerkKin_sum_pospeak_mean,0.039768416937032494
leg_accKin_sum_pospeak_std,0.05016184978549953,head_angAcc_sum_pospeak_mean,-0.04669107967135353,head_angJerk_sum_integral,-0.039717708265411225
lowerbody_angAcc_sum_range,0.04962412411121669,head_angSpeed_sum_pospeak_mean,-0.04669107967135353,lowerbody_bbmv,0.03949106775858374
head_moment_sum_pospeak_std,0.04956500820802474,head_accKin_sum_Gstd,0.04642999595381632,leg_bbmv,0.03949106775858374
lowerbody_angAcc_sum_Gmean,0.049548211120597076,arm_angJerk_sum_pospeak_std,0.045946048274136196,leg_angSpeed_sum_integral,-0.03941274751420398
head_moment_sum_change_pospeak_mean,0.04920142750194499,lowerbody_inter_IK,-0.045441469224904024,head_moment_sum_range,-0.039264097494312936
lowerbody_jerkKin_sum_Gmean,0.04892716792544054,head_angJerk_sum_pospeak_n,-0.0448091580011966,f3_clean_vel_integral,-0.03907486266410456
arm_power_pospeak_n,0.0486562653387996,arm_moment_sum_integral,0.04453614109585491,f1_clean_vel_integral,-0.039074862664104544
leg_moment_sum_Gstd,0.04837361583460586,f2_clean_vel_Gstd,-0.04446092218445502,f2_clean_vel_integral,-0.039074862664104544
body_nComp_95,0.048368659908053425,lowerbody_moment_sum_change_Gmean,-0.04442280098415427,f3_clean_integral,0.03854929661168927
arm_moment_sum_range,0.047968523579243305,leg_accKin_sum_Gstd,0.04414906398199081,arm_jerkKin_sum_Gstd,-0.03816772385332612
leg_power_pospeak_std,0.04783270454815196,envelope_change_pospeak_mean,-0.04394113483272899,f0_Gmean,0.037135829897282126
lowerbody_angAcc_sum_Gstd,0.047800700751426624,arm_power_Gstd,0.043733857945946475,head_angJerk_sum_range,-0.03670147104593765
leg_moment_sum_pospeak_n,0.04773830553398671,leg_jerkKin_sum_Gstd,0.043517988975796396,arm_power_Gmean,-0.03623779649759899
head_power_integral,0.047576806005175463,envelope_change_Gmean,-0.043512157245565966,head_angSpeed_sum_pospeak_mean,0.03598989795226939
spine_moment_sum_change_Gstd,0.0474134208053832,arm_power_pospeak_mean,0.043506918105138695,head_angAcc_sum_pospeak_mean,0.03598989795226939
f3_clean_Gstd,-0.04700002003755826,arm_asymmetry,-0.04266632548717845,arm_accKin_sum_integral,-0.035962464364738565
leg_jerkKin_sum_pospeak_std,0.04697193613367143,arm_angSpeed_sum_Gstd,0.042492951358769,lowerbody_jerkKin_sum_pospeak_n,0.035915770437556296
arm_power_Gstd,0.04687248762188644,arm_moment_sum_range,-0.04185072848050164,arm_moment_sum_integral,0.03587774472008884
arm_nComp_95,0.0468085362776035,arm_moment_sum_pospeak_std,-0.04176762938496527,leg_jerkKin_sum_range,0.035776007948791023
lowerbody_accKin_sum_pospeak_std,0.04649420396018848,f0_Gmean,0.04170529316837817,spine_moment_sum_pospeak_std,-0.03575730518428268
lowerbody_speedKin_sum_pospeak_std,0.04649420396018848,lowerbody_moment_sum_Gstd,-0.04145340822412243,f3_clean_vel_pospeak_mean,-0.035479772213817914
f3_clean_range,-0.04633683829086944,f3_clean_vel_pospeak_std,-0.04111318718180929,head_moment_sum_change_range,-0.035006789672527336
leg_inter_IK,0.04629030466359108,arm_power_range,0.041042088742534365,f3_clean_vel_pospeak_n,0.03439269414442152
lowerbody_inter_IK,0.04626730674258732,lowerbody_angSpeed_sum_pospeak_std,-0.04096613465631969,arm_angAcc_sum_integral,-0.034345173511739005
arm_speedKin_sum_Gmean,0.045464317476182514,lowerbody_angAcc_sum_pospeak_std,-0.04096613465631969,head_jerkKin_sum_pospeak_std,0.03426097055274583
arm_moment_sum_pospeak_std,0.045111189888490784,head_bbmv,0.04094335281989495,arm_moment_sum_Gmean,0.033797797908128785
leg_inter_Kin,0.045025955622367275,arm_angSpeed_sum_Gmean,0.040597926410074994,lowerbody_accKin_sum_Gstd,0.03369109178110193
COPc_Gstd,0.04479233651571329,arm_coupling,-0.04023078224961572,arm_moment_sum_pospeak_n,-0.03333498924616077
f3_clean_vel_Gstd,-0.04444820878276056,lowerbody_moment_sum_change_integral,-0.03948531880610689,arm_accKin_sum_pospeak_std,-0.03320528343600435
arm_angSpeed_sum_pospeak_n,0.04438283924736149,lowerbody_moment_sum_range,-0.03946675944496423,arm_speedKin_sum_pospeak_std,-0.03320528343600435
arm_angAcc_sum_pospeak_n,0.04438283924736149,f2_clean_vel_pospeak_std,-0.039252683995603915,arm_slope_80,0.03269661756361608
f2_clean_vel_range,-0.04428813559618483,leg_accKin_sum_range,0.03896810029022526,arm_speedKin_sum_pospeak_n,-0.032591819394875175
head_angSpeed_sum_range,0.04401500753178358,f3_clean_Gmean,-0.03885223340766811,arm_accKin_sum_pospeak_n,-0.032591819394875175
head_jerkKin_sum_pospeak_mean,0.04391888024974221,arm_accKin_sum_range,-0.03881679855286998,leg_accKin_sum_Gstd,0.032556717731950985
leg_power_pospeak_n,0.04365210517630215,arm_accKin_sum_pospeak_n,-0.03878402437073758,f2_clean_integral,0.03226655125144956
spine_moment_sum_change_range,0.04347387207107404,arm_speedKin_sum_pospeak_n,-0.03878402437073758,head_moment_sum_change_Gstd,-0.03201030904655362
spine_moment_sum_change_Gmean,0.04344573473540898,arm_speedKin_sum_Gstd,-0.038759028965082674,head_speedKin_sum_range,-0.031735787745502154
head_jerkKin_sum_pospeak_std,0.043347913280761485,leg_moment_sum_change_pospeak_mean,-0.03854448879817552,leg_moment_sum_Gmean,-0.031164035764395942
f3_clean_vel_range,-0.04321326760450524,arm_angJerk_sum_integral,0.03833850712329243,head_accKin_sum_range,-0.0310456025551955
leg_accKin_sum_pospeak_mean,0.042972834053074505,arm_jerkKin_sum_pospeak_n,-0.038005301895127686,leg_jerkKin_sum_Gstd,0.030893330977947005
leg_speedKin_sum_pospeak_mean,0.042972834053074505,leg_jerkKin_sum_range,0.03795296795814388,lowerbody_angAcc_sum_pospeak_n,0.03080223119296551
lowerbody_inter_Kin,0.04267787191010528,arm_inter_Kin,-0.03785590333645127,lowerbody_angSpeed_sum_pospeak_n,0.03080223119296551
arm_inter_IK,0.042522519409338405,leg_speedKin_sum_Gstd,0.03756693144368682,arm_moment_sum_pospeak_mean,0.030801170060956548
arm_moment_sum_change_Gmean,0.042255443136263594,arm_power_pospeak_n,-0.036980989557741185,f1_clean_integral,0.030793430522281135
arm_moment_sum_Gstd,0.042217452760971726,head_jerkKin_sum_integral,0.036972661113378935,f1_clean_vel_pospeak_mean,-0.030757777461594776
f2_clean_range,-0.041659642180417934,head_accKin_sum_pospeak_std,0.036612861839446134,arm_angSpeed_sum_pospeak_std,-0.030609914210787334
lowerbody_power_pospeak_n,0.0414558134073687,head_speedKin_sum_pospeak_std,0.036612861839446134,arm_angAcc_sum_pospeak_std,-0.030609914210787334
f2_clean_vel_Gstd,-0.04030280105549978,pelvis_moment_sum_pospeak_n,-0.03598424327597439,arm_asymmetry,0.029987224585400193
head_power_pospeak_mean,0.03962431462197668,arm_speedKin_sum_integral,-0.03573237709937111,leg_jerkKin_sum_integral,0.029910357420864297
f2_clean_pospeak_n,-0.039230744265107996,head_inter_IK,-0.0350398306206662,head_accKin_sum_pospeak_mean,0.029737160950225185
arm_inter_Kin,0.03892616676022294,arm_angAcc_sum_integral,0.0349825956389711,head_speedKin_sum_pospeak_mean,0.029737160950225185
leg_jerkKin_sum_pospeak_mean,0.03878123859575111,leg_jerkKin_sum_pospeak_std,0.03491454065128776,head_inter_Kin,-0.029397858046739618
COPc_pospeak_mean,0.03868330562408107,leg_power_integral,0.034864241289496486,head_angJerk_sum_Gstd,-0.02930808843814854
lowerbody_jerkKin_sum_pospeak_std,0.038449295417558475,leg_speedKin_sum_pospeak_std,0.033811208362778816,duration_voc,0.02914132505348589
head_angSpeed_sum_Gstd,0.03839650116971893,leg_accKin_sum_pospeak_std,0.033811208362778816,f0_integral,0.02905534461441344
head_inter_IK,0.03835674513050238,lowerbody_accKin_sum_Gmean,0.03380570787984803,arm_angJerk_sum_pospeak_n,-0.029027076950972994
pelvis_moment_sum_change_integral,0.03829096829229769,leg_power_pospeak_std,-0.033360675907797385,lowerbody_angAcc_sum_pospeak_std,0.028998894401728703
arm_moment_sum_integral,-0.03713628302342813,leg_speedKin_sum_range,0.03321183185907084,lowerbody_angSpeed_sum_pospeak_std,0.028998894401728703
pelvis_moment_sum_change_pospeak_n,0.03681988397198154,head_angAcc_sum_range,-0.03299552047939538,arm_slope_95,0.028752729799985773
f2_clean_Gstd,-0.03681819568679551,head_jerkKin_sum_range,0.03189371088316533,leg_jerkKin_sum_pospeak_n,0.028108914423834903
leg_angJerk_sum_pospeak_mean,0.03568717574623445,head_angAcc_sum_Gstd,-0.0317466286719519,arm_angJerk_sum_integral,-0.028050175468929597
COPc_Gmean,0.03560074880443829,spine_moment_sum_Gmean,-0.03155402935059751,body_nComp_95,-0.027983107055820907
body_slope_95,-0.035534013646863934,pelvis_moment_sum_Gmean,0.03133182538596275,lowerbody_angJerk_sum_pospeak_mean,0.027928465523767564
arm_speedKin_sum_range,0.035098592656997094,arm_slope_80,-0.03088530856742567,leg_angAcc_sum_integral,-0.027542233580277003
leg_moment_sum_integral,-0.035096724851559735,head_accKin_sum_integral,0.030599864407991742,f1_clean_vel_Gstd,0.027145560365130612
head_power_pospeak_std,0.03464244394909927,lowerbody_accKin_sum_integral,0.030564767249167617,arm_angAcc_sum_pospeak_mean,-0.027067291787551667
f2_clean_vel_pospeak_n,-0.03461446106183922,lowerbody_speedKin_sum_Gmean,0.030481427835252227,arm_angSpeed_sum_pospeak_mean,-0.027067291787551667
arm_accKin_sum_pospeak_mean,0.03456884155508548,head_moment_sum_change_pospeak_mean,-0.030253225353003545,f1_clean_range,0.026881352500853335
arm_speedKin_sum_pospeak_mean,0.03456884155508548,head_jerkKin_sum_pospeak_n,-0.03016978277125916,leg_speedKin_sum_integral,0.026762722146578828
pelvis_moment_sum_change_pospeak_mean,0.03432500720196992,head_speedKin_sum_Gstd,0.030115634096315666,VSA_f1f2,0.026717418978554976
arm_jerkKin_sum_range,0.034276667951057514,f1_clean_pospeak_mean,0.030058894917860596,arm_jerkKin_sum_pospeak_n,-0.026715896887326885
head_power_range,0.03424611769023386,spine_moment_sum_change_pospeak_mean,-0.029993275327360246,arm_jerkKin_sum_integral,-0.02662696439641605
arm_jerkKin_sum_pospeak_std,0.034084790946134105,arm_jerkKin_sum_Gstd,0.02996472970311831,head_moment_sum_change_pospeak_n,-0.02662072105907176
head_angSpeed_sum_Gmean,0.03395711972579983,leg_moment_sum_pospeak_mean,-0.02961959926953314,f0_range,-0.026410720991740712
f3_clean_vel_pospeak_n,-0.03382198433445458,arm_inter_IK,-0.029411057355165776,spine_moment_sum_change_Gstd,-0.026127741957260874
f3_clean_pospeak_n,-0.03316381497875288,envelope_integral,-0.02929021190080002,f2_clean_vel_Gmean,-0.025949726268964444
pelvis_moment_sum_change_Gmean,0.032747382877164485,head_accKin_sum_range,0.02924772024043714,f1_clean_pospeak_std,-0.025770201140127336
COPc_pospeak_std,0.03173997843241497,envelope_pospeak_mean,-0.029223303408688717,leg_accKin_sum_integral,0.025542513817799886
leg_moment_sum_change_integral,0.03151004122739657,numofArt,-0.02914135057960071,lowerbody_accKin_sum_range,0.02543537934815614
arm_speedKin_sum_pospeak_std,0.031194160771325946,head_speedKin_sum_integral,0.02891554410621676,lowerbody_accKin_sum_integral,0.025365363254537563
arm_accKin_sum_pospeak_std,0.031194160771325946,arm_accKin_sum_integral,-0.028734107921752853,leg_speedKin_sum_range,0.02532214684274156
head_moment_sum_change_pospeak_std,0.03072940138281226,arm_moment_sum_pospeak_mean,0.028716660567844388,leg_moment_sum_integral,-0.025109784916194578
envelope_Gstd,0.030644802102845127,arm_angSpeed_sum_range,0.0285897193556462,head_jerkKin_sum_range,-0.024743852036358958
spine_moment_sum_integral,0.03052768068703785,f2_clean_Gmean,-0.028370848519133556,leg_angSpeed_sum_Gstd,-0.024201252890186837
lowerbody_moment_sum_change_pospeak_n,0.0302829576386414,arm_angJerk_sum_pospeak_n,-0.02829746807411936,arm_angJerk_sum_range,-0.02396855927552061
arm_accKin_sum_range,0.02949481659707858,pelvis_moment_sum_integral,0.027826303567819274,leg_angSpeed_sum_pospeak_n,0.023815186631108886
arm_coupling,0.029215427237218403,head_power_pospeak_mean,-0.027775508610339936,leg_angAcc_sum_pospeak_n,0.023815186631108886
lowerbody_moment_sum_change_Gstd,0.028428946898864684,leg_angJerk_sum_Gstd,0.02679896503848245,bbmv_total,0.023703176032700442
head_power_Gstd,0.02836213725766994,arm_power_Gmean,0.026613087594978,head_moment_sum_change_Gmean,0.023614105655887414
VSA_f1f2,-0.02820348418889435,arm_moment_sum_pospeak_n,-0.025574094025506526,leg_angJerk_sum_integral,-0.023366964387336108
head_power_Gmean,0.028198624500914878,f0_integral,0.025456873698105217,arm_angAcc_sum_range,-0.022195627887890174
leg_moment_sum_change_Gmean,0.02815325592333465,lowerbody_angJerk_sum_Gmean,0.025173413268996758,head_angAcc_sum_Gmean,-0.022169308696515174
lowerbody_speedKin_sum_pospeak_mean,0.028123176809915267,f3_clean_vel_pospeak_mean,-0.02483794372958477,lowerbody_speedKin_sum_Gstd,0.021587123820063746
lowerbody_accKin_sum_pospeak_mean,0.028123176809915267,f1_clean_integral,0.024832333302922047,f2_clean_vel_pospeak_std,0.021518743415991352
arm_jerkKin_sum_Gstd,0.028035216531062408,head_angJerk_sum_pospeak_std,-0.024682976254309024,leg_duration,0.02101695303741833
envelope_change_range,-0.027578226660353655,arm_bbmv,-0.024239118627014406,lowerbody_duration,0.021016953037418303
body_nComp_80,0.027335676431464093,f2_clean_integral,0.0241514909514409,arm_nComp_95,-0.02075246438323276
arm_nComp_80,0.02677345158637371,lowerbody_speedKin_sum_integral,0.024082289884433863,leg_angSpeed_sum_range,-0.020242830996478632
arm_speedKin_sum_Gstd,0.026398265446742453,spine_moment_sum_pospeak_mean,-0.022623428914945978,leg_speedKin_sum_Gstd,0.020115842308828194
arm_jerkKin_sum_pospeak_mean,0.026231839410982588,pelvis_moment_sum_pospeak_std,-0.021737176936999326,head_speedKin_sum_Gstd,-0.019974708304269378
pelvis_moment_sum_change_Gstd,0.026096543727577578,pelvis_moment_sum_change_Gmean,-0.021272147550647432,envelope_change_Gstd,0.019923175211151826
f1_clean_Gstd,-0.026024435056127393,head_speedKin_sum_range,0.021036996326452465,leg_moment_sum_pospeak_mean,-0.01978255951180395
head_moment_sum_integral,-0.02571856802822673,head_angJerk_sum_Gmean,0.020705586593962176,envelope_change_range,0.019574098487539
leg_moment_sum_Gmean,-0.02511531975684344,spine_moment_sum_pospeak_n,-0.020279094610932684,arm_moment_sum_pospeak_std,-0.019422960991254918
envelope_Gmean,0.025020019180035054,arm_moment_sum_Gmean,0.020194825002703247,arm_angAcc_sum_Gstd,-0.019274752508255038
arm_moment_sum_pospeak_mean,-0.024868626471785754,lowerbody_jerkKin_sum_Gstd,-0.020124376182403394,head_accKin_sum_integral,-0.018600255452851384
leg_moment_sum_change_pospeak_n,0.024505545381391595,arm_power_pospeak_std,-0.01997669411537143,arm_angSpeed_sum_pospeak_n,-0.01828937913116483
arm_jerkKin_sum_Gmean,0.024454332257944918,pelvis_moment_sum_pospeak_mean,0.019774231897464824,arm_angAcc_sum_pospeak_n,-0.01828937913116483
f2_clean_pospeak_std,-0.023994923255218268,lowerbody_jerkKin_sum_Gmean,0.019535550913232027,head_inter_IK,-0.017978567269399066
f1_clean_range,-0.02362450631432865,f3_clean_vel_Gmean,0.0189899327530419,leg_angSpeed_sum_Gmean,-0.017940811092654586
f1_clean_vel_Gmean,-0.023611275747659984,f3_clean_pospeak_mean,-0.018905406883597712,spine_moment_sum_change_range,-0.01763191806994337
f2_clean_vel_pospeak_mean,-0.02351690124760109,f2_clean_pospeak_std,-0.018741242710064044,lowerbody_speedKin_sum_integral,0.017393731769190048
head_inter_Kin,0.02315960157903924,f2_clean_vel_Gmean,-0.017916763526200127,spine_moment_sum_integral,-0.01734210732777482
f0_Gstd,-0.02308196491843709,head_angJerk_sum_pospeak_mean,-0.017447471825992877,arm_inter_Kin,-0.017208130276107153
head_angAcc_sum_pospeak_mean,0.02299007443862955,lowerbody_angJerk_sum_range,0.017344838912225203,envelope_Gmean,-0.016882430144645372
head_angSpeed_sum_pospeak_mean,0.02299007443862955,arm_moment_sum_change_pospeak_std,-0.016709800879396216,spine_moment_sum_change_integral,0.01680639298296026
envelope_change_Gstd,-0.022548776779410824,COPc_pospeak_n,0.016568820731598283,lowerbody_power_pospeak_n,-0.016762006730564456
lowerbody_moment_sum_change_pospeak_std,0.022366939313037244,leg_angJerk_sum_range,0.016529739972077327,head_moment_sum_change_integral,-0.01651501625137783
f0_range,-0.022303208078924042,arm_moment_sum_change_range,-0.0163162983325595,lowerbody_speedKin_sum_range,0.01630210703638072
lowerbody_angSpeed_sum_pospeak_std,0.022142555713849835,arm_accKin_sum_Gstd,-0.016134308659782153,head_speedKin_sum_integral,-0.01607878046439621
lowerbody_angAcc_sum_pospeak_std,0.022142555713849835,head_moment_sum_pospeak_mean,0.015907780959755723,arm_angJerk_sum_Gstd,-0.015589433140451088
f3_clean_vel_pospeak_std,-0.021834782804343464,head_angJerk_sum_Gstd,0.01559256099925032,head_moment_sum_Gstd,-0.015369168996072727
body_slope_80,-0.02181681221042759,spine_moment_sum_range,0.015535614655567026,body_slope_95,-0.015345450233400348
lowerbody_moment_sum_pospeak_std,0.02177386199056165,lowerbody_angJerk_sum_integral,0.01549333496973447,spine_moment_sum_pospeak_n,0.015313830354128978
leg_moment_sum_pospeak_mean,-0.02162911393339443,envelope_range,-0.014623419356807341,pelvis_moment_sum_range,0.015239459803933398
head_angAcc_sum_pospeak_std,0.021309927047757967,arm_slope_95,-0.014425267172049954,envelope_Gstd,-0.015051839133843423
head_angSpeed_sum_pospeak_std,0.021309927047757967,arm_jerkKin_sum_range,0.014259944523959192,f2_clean_vel_range,-0.013872808598978761
lowerbody_moment_sum_integral,-0.02103714207341427,lowerbody_jerkKin_sum_range,-0.014229320351108719,lowerbody_angAcc_sum_pospeak_mean,-0.013848734329967072
f1_clean_vel_Gstd,-0.02103145651906489,arm_accKin_sum_Gmean,0.013900572612665292,lowerbody_angSpeed_sum_pospeak_mean,-0.013848734329967072
envelope_change_pospeak_n,-0.02042462449441669,f1_clean_Gmean,-0.01379509973801076,leg_angAcc_sum_range,-0.013714773799950689
envelope_pospeak_mean,-0.02029776581835617,arm_angSpeed_sum_pospeak_std,-0.01339686926616001,spine_moment_sum_pospeak_mean,0.013519978862865802
leg_angAcc_sum_pospeak_mean,0.020083553273092955,arm_angAcc_sum_pospeak_std,-0.01339686926616001,leg_power_Gmean,0.013345546338735312
leg_angSpeed_sum_pospeak_mean,0.020083553273092955,arm_moment_sum_change_Gstd,-0.01335596826904762,lowerbody_power_pospeak_mean,0.013281110936160965
f1_clean_vel_range,-0.020072886273299763,lowerbody_moment_sum_integral,0.013323495384992947,lowerbody_power_range,-0.013071913622397265
spine_moment_sum_pospeak_mean,0.01985619961434135,f3_clean_vel_integral,-0.012203684928141703,leg_power_pospeak_mean,-0.01306981030957373
lowerbody_moment_sum_change_integral,0.01984284655325576,f2_clean_vel_integral,-0.012203684928141697,f1_clean_vel_range,0.012996641140972107
envelope_range,0.019545876847932544,f1_clean_vel_integral,-0.012203684928141697,arm_nComp_80,-0.012990305012501088
lowerbody_angJerk_sum_pospeak_mean,0.019000569148292557,head_moment_sum_Gmean,-0.012194522411730375,arm_angAcc_sum_Gmean,-0.012826495812165625
f1_clean_vel_pospeak_n,-0.018988261465262068,lowerbody_angJerk_sum_Gstd,0.012125879593398189,f3_clean_vel_Gstd,0.012815826571314448
f2_clean_vel_Gmean,-0.01836519133787698,pelvis_moment_sum_change_integral,-0.011876921654167455,leg_angAcc_sum_Gstd,-0.012560861496555437
lowerbody_moment_sum_change_Gmean,0.01825852859719782,arm_angSpeed_sum_integral,0.011681700767298584,arm_jerkKin_sum_Gmean,0.011674020214663261
arm_accKin_sum_Gmean,0.01800652338934797,leg_power_Gstd,0.011362484729443166,f3_clean_vel_pospeak_std,-0.011499383736042602
duration_voc,-0.017769802579587567,f1_clean_vel_pospeak_mean,-0.011060071320259884,head_accKin_sum_Gstd,-0.010755432085898908
envelope_pospeak_n,-0.017623325269295432,leg_angJerk_sum_pospeak_std,-0.010616230443991355,envelope_change_Gmean,0.010599328698587429
lowerbody_moment_sum_change_range,0.017048711159598835,head_angJerk_sum_range,0.010478753540871692,pelvis_moment_sum_pospeak_n,-0.010279018033200747
f3_clean_pospeak_std,-0.01674812450804563,lowerbody_angAcc_sum_Gmean,0.009805012842962783,arm_inter_IK,-0.010162756737726542
f2_clean_vel_pospeak_std,-0.01672674847812643,arm_moment_sum_change_pospeak_mean,0.00946880036779852,leg_angAcc_sum_Gmean,-0.01001050402523479
envelope_change_integral,-0.01647012090874684,f3_clean_integral,0.009265895038993282,f3_clean_range,0.00988214490179861
f1_clean_pospeak_n,-0.016293190877514754,head_angAcc_sum_integral,-0.008903818843565834,lowerbody_moment_sum_change_pospeak_mean,0.009837116064223241
f1_clean_pospeak_std,-0.015842261710490614,f2_clean_vel_pospeak_mean,-0.008838572415557506,envelope_range,-0.009721868058933127
arm_accKin_sum_Gstd,0.01550952416171331,arm_moment_sum_change_integral,-0.008264853897896676,leg_angJerk_sum_pospeak_n,0.009716493516529619
spine_moment_sum_Gmean,0.015281909560419329,lowerbody_jerkKin_sum_integral,0.008096169590454423,f1_clean_Gmean,0.009402328627895083
pelvis_moment_sum_change_range,0.01478228016860423,lowerbody_accKin_sum_range,0.008022476453713855,leg_angAcc_sum_pospeak_std,-0.008759182731883013
leg_moment_sum_pospeak_std,0.014167428049876127,spine_moment_sum_pospeak_std,0.007964670005679863,leg_angSpeed_sum_pospeak_std,-0.008759182731883013
envelope_pospeak_std,-0.014038690491805927,arm_jerkKin_sum_integral,0.007913632274957179,arm_jerkKin_sum_pospeak_std,-0.008642838733096434
lowerbody_moment_sum_Gmean,-0.013254488947136501,lowerbody_moment_sum_Gmean,-0.007893835550975444,f2_clean_Gstd,0.008390582522641587
lowerbody_moment_sum_pospeak_mean,-0.013210985005100581,pelvis_moment_sum_range,-0.007223744752858288,head_angJerk_sum_Gmean,-0.008289250899082667
lowerbody_jerkKin_sum_pospeak_mean,0.0129296438809529,bbmv_total,0.0070338186159844005,f3_clean_Gstd,0.008029297850306604
f3_clean_vel_integral,-0.0123405373896329,pelvis_moment_sum_Gstd,-0.0069770300384809905,pelvis_moment_sum_pospeak_std,0.007890535175951527
f2_clean_vel_integral,-0.012340537389632877,lowerbody_angSpeed_sum_Gmean,-0.006893391412438656,f3_clean_vel_Gmean,0.00783003551389139
f1_clean_vel_integral,-0.012340537389632877,arm_power_integral,0.0068869495984048654,lowerbody_power_pospeak_std,-0.007620006050945173
f3_clean_integral,0.012302797306795331,head_accKin_sum_pospeak_n,-0.006642862814558187,head_bbmv,-0.007248839345489831
f3_clean_vel_Gmean,-0.011877547358353982,head_speedKin_sum_pospeak_n,-0.006642862814558187,spine_moment_sum_change_pospeak_std,0.007230382085480901
pelvis_moment_sum_Gmean,-0.011757893356418104,lowerbody_angAcc_sum_integral,-0.006206642066078268,f3_clean_vel_range,-0.006318052850642758
f0_Gmean,0.010849535868886274,lowerbody_bbmv,0.005810043693336979,pelvis_moment_sum_change_pospeak_std,-0.006171170365713139
f1_clean_vel_pospeak_std,-0.010531881420071084,leg_bbmv,0.005810043693336896,f1_clean_Gstd,0.005968089422143276
f3_clean_pospeak_mean,0.010247681511460886,head_moment_sum_integral,0.005743580242237948,arm_angJerk_sum_pospeak_std,-0.005911160914608954
arm_moment_sum_Gmean,-0.009900461357099325,f2_clean_pospeak_mean,-0.005338527005573891,f2_clean_vel_Gstd,-0.005745379067207383
f2_clean_integral,0.009539615749341018,envelope_Gstd,-0.004961786040979261,arm_coupling,-0.005449585716244224
arm_slope_95,-0.009407785230490816,arm_angAcc_sum_pospeak_n,-0.004595503964238771,head_jerkKin_sum_Gstd,-0.005103668650859229
pelvis_moment_sum_pospeak_mean,0.009308054086417803,arm_angSpeed_sum_pospeak_n,-0.004595503964238771,f2_clean_Gmean,0.004857472830833652
f1_clean_integral,0.009021626104242288,lowerbody_moment_sum_pospeak_mean,-0.0045400138424259075,leg_angJerk_sum_Gmean,-0.00482305313546023
envelope_change_pospeak_mean,-0.008459628079174141,head_angJerk_sum_integral,0.004422391532968931,arm_angJerk_sum_pospeak_mean,0.004707094751417344
f0_integral,0.008418732753423372,lowerbody_accKin_sum_Gstd,0.0043679064492215015,spine_moment_sum_Gmean,-0.004057490714940514
f0_pospeak_n,-0.008351405944205808,lowerbody_angSpeed_sum_integral,-0.00431274955014266,arm_bbmv,-0.0033983993174100118
arm_slope_80,0.008163663539216093,lowerbody_angJerk_sum_pospeak_std,0.0043002947928975155,leg_angJerk_sum_range,-0.0033965164438298215
lowerbody_angSpeed_sum_pospeak_mean,-0.007110638910316973,lowerbody_power_integral,-0.004033029545159852,leg_angJerk_sum_Gstd,0.003359732777152035
lowerbody_angAcc_sum_pospeak_mean,-0.007110638910316973,leg_power_range,0.003704263401435379,f2_clean_vel_pospeak_mean,-0.0030289749496708734
pelvis_moment_sum_integral,0.006861899535714925,arm_speedKin_sum_Gmean,0.003336216820520963,f2_clean_range,0.002676222937776104
lowerbody_moment_sum_change_pospeak_mean,0.00677322655457305,leg_angSpeed_sum_range,0.0025740415191619448,spine_moment_sum_change_pospeak_n,0.002367502187954756
envelope_change_pospeak_std,-0.00676371914540904,head_angAcc_sum_Gmean,0.00228124757447749,head_jerkKin_sum_integral,-0.0023162098416299546
f1_clean_pospeak_mean,-0.006433514434232067,arm_moment_sum_change_Gmean,-0.0020763096645560206,envelope_integral,0.002258825710811185
f1_clean_Gmean,0.006015164051650417,leg_angAcc_sum_range,-0.0017986633488527417,leg_angJerk_sum_pospeak_std,-0.0021174369925230194
leg_moment_sum_change_pospeak_mean,-0.0048516080751292495,lowerbody_speedKin_sum_pospeak_std,0.0015740565766491806,head_accKin_sum_pospeak_std,-0.002020024251296994
numofArt,-0.0037322631418510717,lowerbody_accKin_sum_pospeak_std,0.0015740565766491806,head_speedKin_sum_pospeak_std,-0.002020024251296994
f3_clean_Gmean,0.003666447933567895,leg_angAcc_sum_Gstd,0.0013037582817018807,lowerbody_moment_sum_range,0.0016711828467550478
f2_clean_pospeak_mean,0.003351591319420329,leg_angSpeed_sum_Gstd,0.0013006973976902117,f0_Gstd,-0.0015926922326267507
envelope_change_Gmean,-0.002553834577737551,envelope_Gmean,0.001277886295687875,arm_angJerk_sum_Gmean,0.0014330622747801742
head_moment_sum_Gmean,-0.0025378071059823275,lowerbody_power_Gmean,-0.0011482248966925466,arm_speedKin_sum_integral,0.0013150178397341359
f2_clean_Gmean,-0.0024427095114917434,lowerbody_speedKin_sum_range,0.0005744367082283973,arm_accKin_sum_Gmean,0.0012918977360949055
envelope_integral,-0.002289455684388243,lowerbody_speedKin_sum_Gstd,0.00026484340634163407,lowerbody_power_Gstd,-0.00119666436355125
leg_moment_sum_change_pospeak_std,-0.0016399461533247348,f1_clean_vel_Gmean,0.00022433431077847421,lowerbody_moment_sum_Gstd,-0.0011487104411024732
head_moment_sum_pospeak_mean,0.0010553566791484665,arm_jerkKin_sum_pospeak_std,0.00018494821345466862,head_moment_sum_Gmean,0.0009223259168192708
f3_clean_vel_pospeak_mean,0.0008344520560352769,f1_clean_pospeak_std,-6.102218198189434e-05,pelvis_moment_sum_change_pospeak_n,0.0007610911450974204
f1_clean_vel_pospeak_mean,0.0005724824639699966,spine_moment_sum_Gstd,1.302033981029486e-05,leg_power_integral,-0.0001507410528321813
lowerbody_angAcc_sum_negpeak_n,-0.0,CoG_pospeak_n,-0.0,CoG_pospeak_n,-0.0
arm_accKin_sum_negpeak_n,-0.0,arm_accKin_sum_negpeak_n,-0.0,CoG_Gmean,-0.0
CoG_pospeak_mean,-0.0,CoG_Gmean,-0.0,lowerbody_accKin_sum_negpeak_n,-0.0
CoG_pospeak_std,-0.0,CoG_pospeak_mean,-0.0,head_accKin_sum_negpeak_n,-0.0
CoG_Gstd,-0.0,CoG_pospeak_std,-0.0,CoG_pospeak_std,-0.0
head_angAcc_sum_negpeak_n,-0.0,CoG_Gstd,-0.0,CoG_pospeak_mean,-0.0
lowerbody_accKin_sum_negpeak_n,-0.0,leg_angAcc_sum_negpeak_n,-0.0,CoG_Gstd,-0.0
CoG_Gmean,-0.0,head_angAcc_sum_negpeak_n,-0.0,head_angAcc_sum_negpeak_n,-0.0
leg_accKin_sum_negpeak_n,-0.0,head_accKin_sum_negpeak_n,-0.0,lowerbody_angAcc_sum_negpeak_n,-0.0
head_accKin_sum_negpeak_n,-0.0,CoG_integral,-0.0,arm_angAcc_sum_negpeak_n,-0.0
CoG_integral,-0.0,leg_accKin_sum_negpeak_n,-0.0,leg_angAcc_sum_negpeak_n,-0.0
leg_angAcc_sum_negpeak_n,-0.0,lowerbody_angAcc_sum_negpeak_n,-0.0,CoG_integral,-0.0
CoG_pospeak_n,-0.0,lowerbody_accKin_sum_negpeak_n,-0.0,leg_accKin_sum_negpeak_n,-0.0
arm_angAcc_sum_negpeak_n,-0.0,arm_angAcc_sum_negpeak_n,-0.0,arm_accKin_sum_negpeak_n,-0.0
CoG_range,-0.0,CoG_range,-0.0,CoG_range,-0.0
